filename,soil_class,split,condition,season,ph,nitrogen,phosphorus,potassium,moisture,texture
poor_0000_cloudy_winter.jpg,poor,train,cloudy,winter,5.426933242065495,36.444294604297525,10.13291198510453,23.096863494244786,0.2901643175579429,rough
poor_0001_dusk_summer.jpg,poor,train,dusk,summer,5.712306262020519,38.244463096846566,22.55497215596145,29.91018725664699,0.2038258284528376,rough
poor_0002_dusk_winter.jpg,poor,train,dusk,winter,5.942352921228862,36.86096528300792,15.177901037886558,20.4287733678749,0.35955317893978284,rough
poor_0003_cloudy_summer.jpg,poor,train,cloudy,summer,4.7030055959050605,30.24872363179099,22.88570755245128,20.8322915186368,0.27409906727346556,rough
poor_0004_cloudy_monsoon.jpg,poor,train,cloudy,monsoon,5.507259185404244,30.900969500723555,20.977200470851166,16.830237152107884,0.2054731625640838,rough
poor_0005_sunny_spring.jpg,poor,train,sunny,spring,5.177155377553008,39.44822587853619,22.341737321936392,25.75365220741118,0.2432164185690581,rough
poor_0006_sunny_spring.jpg,poor,train,sunny,spring,5.7807191139671845,25.565447541054027,13.136484347125172,17.99637851726965,0.23600121509463623,rough
poor_0007_dawn_spring.jpg,poor,train,dawn,spring,5.3047116457717935,38.99373490148042,14.497689424043699,27.946228294697363,0.31733394704793566,rough
poor_0008_dawn_summer.jpg,poor,train,dawn,summer,5.896416880436414,36.379657701998866,16.404206173234904,17.39591950672718,0.21414638081913287,rough
poor_0009_cloudy_summer.jpg,poor,train,cloudy,summer,5.833108314436608,26.205153637787717,10.479913628140542,27.09266827126016,0.3400525049344414,rough
poor_0010_dawn_summer.jpg,poor,train,dawn,summer,4.852250868219293,38.1843428028702,22.008512333234556,16.114625331788627,0.3481777721064284,rough
poor_0011_dawn_summer.jpg,poor,train,dawn,summer,5.217799118823872,33.43426214328249,22.992162091405213,29.540662999645598,0.38104865592579995,rough
poor_0012_sunny_spring.jpg,poor,train,sunny,spring,5.040518190249713,30.497726059404176,10.267784701970909,21.778734132567948,0.20274825086594608,rough
poor_0013_cloudy_summer.jpg,poor,train,cloudy,summer,5.731610205138725,24.332925535498795,22.292421678334197,29.123246540433207,0.27755824502081666,rough
poor_0014_dawn_summer.jpg,poor,train,dawn,summer,5.092838904526776,30.062812657563676,15.428887622505517,15.29646849654902,0.2048561953870669,rough
poor_0015_sunny_monsoon.jpg,poor,train,sunny,monsoon,5.260470902003981,36.949466053965956,17.507945229324424,23.987548491841494,0.27284974282732954,rough
poor_0016_cloudy_spring.jpg,poor,train,cloudy,spring,5.271754802701663,23.95906111680722,18.5201979765418,23.591319965388145,0.38700321981006663,rough
poor_0017_dawn_spring.jpg,poor,train,dawn,spring,5.838623509453029,25.32138930665391,12.821458650234797,16.59085815588182,0.293507398172728,rough
poor_0018_dusk_summer.jpg,poor,train,dusk,summer,5.4507666806723325,22.27133484615039,22.2814240758954,22.875007399479486,0.2586428565675561,rough
poor_0019_sunny_winter.jpg,poor,train,sunny,winter,4.766584383371461,24.23355920949397,24.257899781158166,15.434233761531015,0.2490343966487235,rough
poor_0020_cloudy_winter.jpg,poor,train,cloudy,winter,5.844041133950577,33.96604782960208,14.217227013242868,23.716230187824927,0.2869709002731793,rough
poor_0021_dusk_spring.jpg,poor,train,dusk,spring,5.315258078113455,29.00838475667747,20.83867140275482,22.42354949794521,0.2673458832163899,rough
poor_0022_cloudy_winter.jpg,poor,train,cloudy,winter,5.013927811784161,22.79936725149661,12.165076012151292,23.96030872723673,0.2997440290246701,rough
poor_0023_cloudy_summer.jpg,poor,train,cloudy,summer,4.686663586322958,35.57605635931331,10.04032881329486,18.75968922459586,0.3877354852519359,rough
poor_0024_dusk_summer.jpg,poor,train,dusk,summer,5.775369968749212,37.00003622080233,20.332328224589943,26.159995045645363,0.31234983811096584,rough
poor_0025_dusk_spring.jpg,poor,train,dusk,spring,5.34470617836196,35.82713084304712,13.14207593330897,28.21708851180504,0.20161237553340217,rough
poor_0026_sunny_spring.jpg,poor,train,sunny,spring,4.552383752175229,22.97383956805085,13.051074635366408,22.514049949111516,0.23688064989430524,rough
poor_0027_dawn_summer.jpg,poor,train,dawn,summer,5.862515257145352,22.31881662542783,18.106457433522195,21.28384893831263,0.2546229320732976,rough
poor_0028_dawn_spring.jpg,poor,train,dawn,spring,5.714501852330977,30.177335155406237,15.423424784159218,16.432684286489714,0.3492110145489754,rough
poor_0029_sunny_monsoon.jpg,poor,train,sunny,monsoon,4.577293276239834,35.57830519984299,13.023167844066268,16.277245684182006,0.24811519594796685,rough
poor_0030_dawn_monsoon.jpg,poor,train,dawn,monsoon,5.731150301881605,27.790788063129234,12.550911251976427,19.097108291765558,0.2936490027373441,rough
poor_0031_cloudy_spring.jpg,poor,train,cloudy,spring,5.840243890310806,36.73844108548964,16.616610637980735,25.95068402461049,0.23609950025670112,rough
poor_0032_dawn_monsoon.jpg,poor,train,dawn,monsoon,4.627423902378906,35.17253577782486,18.217221581369774,20.03002745098201,0.20183897509907034,rough
poor_0033_sunny_spring.jpg,poor,train,sunny,spring,4.9345296709930135,26.57589942576551,14.987346537940423,21.520669760380528,0.30443411546158167,rough
poor_0034_cloudy_monsoon.jpg,poor,train,cloudy,monsoon,4.553969443325409,39.637028149664275,14.315748468332695,16.46234551913774,0.25856195939494797,rough
poor_0035_cloudy_winter.jpg,poor,train,cloudy,winter,4.610229454608124,25.20358682349942,22.745678016409634,24.436350862690603,0.3963684446110959,rough
poor_0036_sunny_spring.jpg,poor,train,sunny,spring,5.41852063377702,26.328313994241803,20.134357998732117,17.26594361803618,0.30752338462807777,rough
poor_0037_dawn_summer.jpg,poor,train,dawn,summer,4.906948925801583,25.63346881772226,17.271495308913018,17.255894966661504,0.22300658566505158,rough
poor_0038_dusk_spring.jpg,poor,train,dusk,spring,4.78064479949928,39.7423471445259,16.359672190280197,17.28607351523558,0.31167956621050097,rough
poor_0039_sunny_winter.jpg,poor,train,sunny,winter,5.409855196773723,21.08812673206859,20.050422567503432,29.91633978749235,0.27005184715549674,rough
poor_0040_sunny_monsoon.jpg,poor,train,sunny,monsoon,5.825654973656966,35.983310327067336,20.659744747058784,15.071678060001478,0.39844428380243824,rough
poor_0041_sunny_winter.jpg,poor,train,sunny,winter,4.898218011119947,36.98839685430319,10.197708214986863,16.250270529163558,0.363770263531913,rough
poor_0042_cloudy_spring.jpg,poor,train,cloudy,spring,5.799446085661374,34.49735909531647,11.619961905383448,29.612689109266455,0.2754353512771171,rough
poor_0043_cloudy_winter.jpg,poor,train,cloudy,winter,5.321975682510398,29.421062540080833,12.905455995772684,15.010847174346654,0.21322531331037908,rough
poor_0044_sunny_winter.jpg,poor,train,sunny,winter,5.6408963333581745,31.997823636946684,12.062806012969087,16.870024823647164,0.24321926696545568,rough
poor_0045_sunny_spring.jpg,poor,train,sunny,spring,5.87970847262674,21.816868043323577,16.056110967268534,26.948882416104304,0.2633593615268121,rough
poor_0046_sunny_summer.jpg,poor,train,sunny,summer,5.4207396215865264,27.58293375130291,19.095316715608178,26.505549009243126,0.295214205018265,rough
poor_0047_dawn_summer.jpg,poor,train,dawn,summer,5.625674343260988,22.386635026853284,12.65382592523328,20.11317755752438,0.33216674111617106,rough
poor_0048_dusk_summer.jpg,poor,train,dusk,summer,5.982354235688767,32.761237738623656,14.323960603449542,27.07797235280696,0.2460524419689717,rough
poor_0049_dusk_spring.jpg,poor,train,dusk,spring,5.601705648803082,38.15272773455919,20.698239237578612,19.073127886842116,0.24106802256906307,rough
poor_0050_sunny_winter.jpg,poor,train,sunny,winter,5.373416172118318,24.353698422203763,17.033882913827682,20.167042131913103,0.3301743786960358,rough
poor_0051_sunny_summer.jpg,poor,train,sunny,summer,4.574482097880875,20.3458085382474,22.31808318581527,24.637866582921795,0.2765917538629669,rough
poor_0052_dawn_summer.jpg,poor,train,dawn,summer,4.54700808142709,37.44938816338956,18.613380546306146,24.741334990239963,0.3102200218291651,rough
poor_0053_sunny_spring.jpg,poor,train,sunny,spring,4.985868005322045,37.28794018888527,17.650687132979073,16.39637632277302,0.22511999493637996,rough
poor_0054_sunny_spring.jpg,poor,train,sunny,spring,5.637340102818294,24.747564679017017,14.142677378514037,22.995544945316645,0.26965664625823416,rough
poor_0055_sunny_winter.jpg,poor,train,sunny,winter,5.557202812246093,39.778816572160835,13.171736416169274,19.10169669658681,0.37617643679248036,rough
poor_0056_dawn_summer.jpg,poor,train,dawn,summer,5.511203542259697,27.574950625063416,12.679876001287848,29.415469575785778,0.32663089951338664,rough
poor_0057_cloudy_monsoon.jpg,poor,train,cloudy,monsoon,5.987470696051529,36.127322425815294,22.151400145746425,27.094012167837974,0.3721515596312135,rough
poor_0058_cloudy_summer.jpg,poor,train,cloudy,summer,5.370461863370087,24.81880358900907,16.181116215825526,21.96622645621097,0.3260798151251644,rough
poor_0059_cloudy_summer.jpg,poor,train,cloudy,summer,4.7346076333786655,36.8365081348808,20.841512262420167,24.65498937194517,0.3913667858938558,rough
poor_0060_sunny_monsoon.jpg,poor,train,sunny,monsoon,5.982714222341631,33.14540939471801,12.608310102426659,25.27060341091289,0.3535251679646742,rough
poor_0061_cloudy_summer.jpg,poor,train,cloudy,summer,4.940713594525685,30.900751481707402,18.504479972096625,17.63956682173302,0.2726489807273921,rough
poor_0062_cloudy_monsoon.jpg,poor,train,cloudy,monsoon,4.5807967774344815,38.64626317370737,13.395706837334881,29.50158978905285,0.20335037306803724,rough
poor_0063_dawn_monsoon.jpg,poor,train,dawn,monsoon,5.550588882119692,25.396716717535746,21.245577522710484,18.795341435812055,0.20411294033402602,rough
poor_0064_sunny_monsoon.jpg,poor,train,sunny,monsoon,5.337400355826451,22.04035503973907,15.928562383762621,21.851235357187033,0.2324573079048373,rough
poor_0065_cloudy_monsoon.jpg,poor,train,cloudy,monsoon,4.7745541591851515,28.54609188166137,10.576088944494684,24.256963582658173,0.31457223065322404,rough
poor_0066_dawn_monsoon.jpg,poor,train,dawn,monsoon,4.92448990370636,30.369330371034195,10.698496798477558,24.146766568928705,0.3366144952458563,rough
poor_0067_sunny_monsoon.jpg,poor,train,sunny,monsoon,5.196056311888922,24.221170038286374,24.23912319982296,15.785294572122233,0.3488206129429002,rough
poor_0068_cloudy_winter.jpg,poor,train,cloudy,winter,5.0517152907109715,30.30353542734627,20.35579825702738,18.19106197631474,0.28768085502673324,rough
poor_0069_sunny_winter.jpg,poor,train,sunny,winter,4.711844148496809,37.6909642564698,10.075680727995929,18.024251176878902,0.31954568498387725,rough
poor_0070_dawn_summer.jpg,poor,train,dawn,summer,5.673735170730443,36.58242361246887,10.41549773473568,27.821098180338815,0.293379349451764,rough
poor_0071_cloudy_spring.jpg,poor,train,cloudy,spring,5.475333856791451,23.418124595342288,22.78550707700307,25.309540527032546,0.2861406238700432,rough
poor_0072_cloudy_spring.jpg,poor,train,cloudy,spring,4.8699201814985935,32.43048132586992,21.46894777090833,18.033422166883554,0.32448499979629936,rough
poor_0073_dusk_monsoon.jpg,poor,train,dusk,monsoon,5.303437827226351,27.57855354028396,18.444506805146595,19.953625195181825,0.3240601740776464,rough
poor_0074_cloudy_summer.jpg,poor,train,cloudy,summer,5.796712822824169,29.777710943333865,18.02716279672557,26.328872928345334,0.30182454508865664,rough
poor_0075_dawn_winter.jpg,poor,train,dawn,winter,4.565159895660118,37.43055284863621,18.443778448579636,23.041028551897142,0.316251773264717,rough
poor_0076_dawn_winter.jpg,poor,train,dawn,winter,5.7726263846569275,27.143234519046228,19.11498878658228,19.820618121460583,0.3154063228407523,rough
poor_0077_dusk_winter.jpg,poor,train,dusk,winter,5.784748657243696,27.728381757953986,16.442162957123685,15.42898785743446,0.3705500407822554,rough
poor_0078_cloudy_spring.jpg,poor,train,cloudy,spring,5.472168951742139,34.62101661371727,23.31452979338807,17.873372014521056,0.38411855385857313,rough
poor_0079_sunny_monsoon.jpg,poor,train,sunny,monsoon,5.3661551225050825,22.15227198036707,21.368304299230232,24.6677472400713,0.27493801873642065,rough
poor_0080_dusk_monsoon.jpg,poor,train,dusk,monsoon,5.4017449656447045,25.291825461650845,24.445712476382745,20.13901117605715,0.2437389784892262,rough
poor_0081_sunny_winter.jpg,poor,train,sunny,winter,4.542229161566704,21.50630065421589,11.35204253443485,26.905622959948555,0.3784888270728791,rough
poor_0082_cloudy_summer.jpg,poor,train,cloudy,summer,5.60878700607371,34.82472858316876,17.339166822956244,17.882633075261424,0.34035086431583583,rough
poor_0083_dawn_monsoon.jpg,poor,train,dawn,monsoon,5.020083799984074,24.183078510089064,20.27333400895016,28.644127733390143,0.3801548155696962,rough
poor_0084_dusk_monsoon.jpg,poor,train,dusk,monsoon,4.569667258728694,36.73018948691443,24.374156414038502,20.446989417250464,0.2106831538680133,rough
poor_0085_dusk_summer.jpg,poor,train,dusk,summer,4.986815959656446,20.633377480379924,15.599985971057613,15.807094780757966,0.25467743946445587,rough
poor_0086_dawn_winter.jpg,poor,train,dawn,winter,4.659839320122201,37.49022819088037,15.695385016081957,23.81350566725782,0.2071474806061027,rough
poor_0087_dawn_winter.jpg,poor,train,dawn,winter,4.978059753165529,29.368019813806686,11.056518527178433,19.54901746704781,0.22813856158427925,rough
poor_0088_dawn_spring.jpg,poor,train,dawn,spring,5.065291500103834,38.96666128271161,14.338201474066356,26.040991954997224,0.24819411544845593,rough
poor_0089_dusk_winter.jpg,poor,train,dusk,winter,4.625289840286959,35.470854216541326,17.535656600516056,24.679411960269967,0.3870474227969224,rough
poor_0090_sunny_summer.jpg,poor,train,sunny,summer,5.730031045045638,27.942948957898565,20.224567318477014,28.346225703001743,0.21698624314844187,rough
poor_0091_sunny_monsoon.jpg,poor,train,sunny,monsoon,5.484413146552649,33.12340849033749,13.658402757954816,23.285235654272004,0.34524392548732913,rough
poor_0092_dusk_winter.jpg,poor,train,dusk,winter,5.034098519708342,38.22725419927065,23.92075159990963,23.805797272805314,0.3362916072603318,rough
poor_0093_sunny_summer.jpg,poor,train,sunny,summer,5.074632898879073,29.50788058828739,22.61878304961563,23.70511751925023,0.3831958188357433,rough
poor_0094_cloudy_summer.jpg,poor,train,cloudy,summer,5.634320939778018,24.08150935345215,16.7511997303136,21.773122397815406,0.3230124066330557,rough
poor_0095_dusk_winter.jpg,poor,train,dusk,winter,5.465801129332023,36.744796388177484,21.948160794544847,27.062019146699406,0.29912394874846987,rough
poor_0096_sunny_summer.jpg,poor,train,sunny,summer,5.532561318794685,23.198380378763808,23.27222760043579,28.584930636834684,0.3096337974273662,rough
poor_0097_sunny_winter.jpg,poor,train,sunny,winter,5.568234995120569,26.396048510034227,22.2026414784141,17.841762026278197,0.2550690253228301,rough
poor_0098_dawn_monsoon.jpg,poor,train,dawn,monsoon,5.60288181344367,22.04997607180583,24.16498695410622,29.29786138043624,0.3597647213531343,rough
poor_0099_sunny_summer.jpg,poor,train,sunny,summer,5.5223637599862085,26.608728250792087,12.170707719462005,21.177159410103826,0.21652509038963424,rough
poor_0100_dawn_summer.jpg,poor,train,dawn,summer,4.783394675044402,31.138650130405203,16.028009528951703,24.620986645160375,0.3803099809833024,rough
poor_0101_sunny_summer.jpg,poor,train,sunny,summer,4.789044767018486,38.498112904999616,16.81998717814938,24.528444337606018,0.3921232892691465,rough
poor_0102_dusk_spring.jpg,poor,train,dusk,spring,4.638622139073689,28.854870472267944,16.473144017821877,19.211732595420894,0.3395725790619189,rough
poor_0103_sunny_winter.jpg,poor,train,sunny,winter,4.851773983280715,32.21775482256462,14.228034366803481,19.39820486722669,0.36313019435071164,rough
poor_0104_dusk_spring.jpg,poor,train,dusk,spring,4.683473566042235,23.593458523025536,11.943594911426743,15.113103037390488,0.34965879785377996,rough
poor_0105_dusk_summer.jpg,poor,val,dusk,summer,5.175432352791013,29.89686593329803,11.892466852441778,16.716357539603077,0.29593032025130583,rough
poor_0106_dawn_monsoon.jpg,poor,val,dawn,monsoon,5.991444217240228,32.00005334726944,20.913301179009117,23.126117508283656,0.2594028308058706,rough
poor_0107_sunny_summer.jpg,poor,val,sunny,summer,5.90828606147555,35.195474613259535,14.34552917772746,19.390025507960985,0.2726174260335522,rough
poor_0108_sunny_spring.jpg,poor,val,sunny,spring,5.836680119601352,26.810333976951597,21.720163749680594,24.14535834645133,0.24857262643072517,rough
poor_0109_dawn_monsoon.jpg,poor,val,dawn,monsoon,4.924039220366097,36.29843420780545,21.581348722357646,22.060963972574644,0.25964662780453607,rough
poor_0110_dusk_winter.jpg,poor,val,dusk,winter,5.821553567664031,35.73797898453065,15.155383788411518,22.615620951381455,0.32535786450335613,rough
poor_0111_dusk_winter.jpg,poor,val,dusk,winter,5.136547234748603,20.017508297485158,10.63004969364326,16.898554617136828,0.315257718491356,rough
poor_0112_dawn_summer.jpg,poor,val,dawn,summer,4.584620176157538,35.07296974585245,17.835636751848366,28.02228050183338,0.24526101933189676,rough
poor_0113_cloudy_summer.jpg,poor,val,cloudy,summer,5.999909243804998,29.919522251116465,12.106366281255463,23.262664072558206,0.3257765855744934,rough
poor_0114_dawn_spring.jpg,poor,val,dawn,spring,4.634206275387745,20.944908638733043,23.52111640062406,17.76383098301323,0.20113908901442026,rough
poor_0115_dawn_monsoon.jpg,poor,val,dawn,monsoon,4.88474301587949,27.132086458006082,22.59612895775912,26.837930316035195,0.38870395970490706,rough
poor_0116_dawn_summer.jpg,poor,val,dawn,summer,5.408959184891957,35.96420702874594,12.522091957929362,21.297190610934557,0.3159394955566643,rough
poor_0117_sunny_spring.jpg,poor,val,sunny,spring,5.902390159235499,32.1949300629433,15.911887717726195,19.32366311384963,0.32114980534547544,rough
poor_0118_dawn_summer.jpg,poor,val,dawn,summer,5.535990455636884,25.678079847756624,10.078615665620655,21.188094929456394,0.2836462654534989,rough
poor_0119_dawn_monsoon.jpg,poor,val,dawn,monsoon,4.9321749995348565,22.709547819890517,17.175783600162987,20.74921932604782,0.3485017008244142,rough
poor_0120_dawn_winter.jpg,poor,val,dawn,winter,5.629099937396116,33.783833634222326,16.001496481939647,15.738295335819712,0.28111676639030436,rough
poor_0121_cloudy_spring.jpg,poor,val,cloudy,spring,4.732254474124569,27.394231938867154,24.879852106790555,26.228991508470386,0.34397594129518716,rough
poor_0122_dusk_winter.jpg,poor,val,dusk,winter,4.543125004611459,25.801693575243256,23.334051558984694,16.697028261960938,0.3647096798516717,rough
poor_0123_cloudy_monsoon.jpg,poor,val,cloudy,monsoon,4.53391219859581,30.897994264029514,13.847833576322515,22.87414326675326,0.29851576638535304,rough
poor_0124_sunny_spring.jpg,poor,val,sunny,spring,5.7119975731812795,32.69936972180392,15.107014689019964,26.424975450914445,0.30146365980629936,rough
poor_0125_sunny_spring.jpg,poor,val,sunny,spring,5.890440114262489,35.813837031515256,15.53672531695045,24.956649290353404,0.34804073934385205,rough
poor_0126_dawn_spring.jpg,poor,val,dawn,spring,5.330513330681871,24.481110216955457,24.9683883013596,23.496509690946898,0.36718314796913365,rough
poor_0127_dawn_spring.jpg,poor,val,dawn,spring,5.933880376173715,23.896750514660326,13.477146167950913,24.611773151334063,0.3628047374514883,rough
poor_0128_cloudy_winter.jpg,poor,val,cloudy,winter,5.68070776014685,26.916390224696876,22.924332085818065,22.82887135899853,0.2753009266776312,rough
poor_0129_dusk_spring.jpg,poor,val,dusk,spring,4.999963953864055,21.287404929672565,24.449692837878523,28.281156247911333,0.2763388064757678,rough
poor_0130_dawn_spring.jpg,poor,val,dawn,spring,5.02021655090286,20.025777456484988,24.848021611838902,18.27388240072083,0.2898589779046417,rough
poor_0131_cloudy_winter.jpg,poor,val,cloudy,winter,5.493150708512154,23.007741155702174,12.552305735300502,15.807410474949746,0.2521539107180687,rough
poor_0132_dawn_monsoon.jpg,poor,val,dawn,monsoon,5.63981141285274,20.761414256739627,21.51824542132911,19.422141784150188,0.23672164100895488,rough
poor_0133_dawn_monsoon.jpg,poor,val,dawn,monsoon,5.186435169381993,32.28575926807266,19.44770970064618,26.583643473315448,0.39247499836975913,rough
poor_0134_cloudy_summer.jpg,poor,val,cloudy,summer,5.016885986978818,32.677378599340585,15.150776680019753,15.809174638520778,0.37849627319773954,rough
poor_0135_dawn_spring.jpg,poor,test,dawn,spring,5.387288394860815,25.364992058536487,11.524988126622409,18.764058911209933,0.3281866257454411,rough
poor_0136_cloudy_winter.jpg,poor,test,cloudy,winter,5.190767917692349,26.12692332079765,13.06438899101554,22.988669792155378,0.2067108864527676,rough
poor_0137_dusk_summer.jpg,poor,test,dusk,summer,5.866242356494568,39.88485982866902,22.786503805163534,27.289796453124758,0.20385168299491696,rough
poor_0138_cloudy_spring.jpg,poor,test,cloudy,spring,5.573915066176925,33.669924084943645,20.85915717156155,22.860422960589005,0.2641593989572745,rough
poor_0139_sunny_spring.jpg,poor,test,sunny,spring,5.013049017346489,24.941806775762423,23.93985417749336,26.402586434163883,0.29627525394324206,rough
poor_0140_sunny_spring.jpg,poor,test,sunny,spring,5.848689808574338,37.02783054269467,17.43851430029828,21.1438471282059,0.23611482187131744,rough
poor_0141_sunny_monsoon.jpg,poor,test,sunny,monsoon,4.956839214051695,24.419985207142766,13.348612293251232,20.0215103028599,0.35720971321197303,rough
poor_0142_cloudy_winter.jpg,poor,test,cloudy,winter,5.65529976689773,33.4340496262362,17.509317199627866,18.835998009643337,0.2864261584456993,rough
poor_0143_cloudy_winter.jpg,poor,test,cloudy,winter,5.774077449821294,39.601403804820805,11.945841230085126,26.006609462683244,0.39009116566373947,rough
poor_0144_dawn_spring.jpg,poor,test,dawn,spring,5.450338104084696,31.86690881568555,10.822009791204849,28.68339822348047,0.3575591900274564,rough
poor_0145_dusk_winter.jpg,poor,test,dusk,winter,5.645451820408439,39.49822113191849,10.814237895942586,19.10246507396905,0.3644023704830907,rough
poor_0146_cloudy_spring.jpg,poor,test,cloudy,spring,4.940429910089608,36.39433659597684,20.338832549638706,25.823200451340906,0.288696392733174,rough
poor_0147_sunny_spring.jpg,poor,test,sunny,spring,4.928647452555699,23.553089942321012,21.333385569312036,23.399302747990077,0.3665214705829535,rough
poor_0148_sunny_spring.jpg,poor,test,sunny,spring,5.31414524499228,24.83465397184697,24.160155207131567,20.24613266514351,0.3162052300733587,rough
poor_0149_sunny_monsoon.jpg,poor,test,sunny,monsoon,5.07147427494439,26.967257400040033,19.75061843542388,23.2830074883096,0.23990832100330328,rough
average_0150_cloudy_summer.jpg,average,train,cloudy,summer,6.124826211138711,41.23658787002184,32.2923563165216,38.186295870838535,0.43203439404913435,medium
average_0151_dawn_monsoon.jpg,average,train,dawn,monsoon,6.871507071282628,65.363411764653,35.324222369199056,37.1550876678527,0.5520883453574083,medium
average_0152_dusk_spring.jpg,average,train,dusk,spring,6.866508627132669,54.52003758384888,34.815289000660016,46.82129114460463,0.47545689099713895,medium
average_0153_dawn_winter.jpg,average,train,dawn,winter,6.241518746590896,50.99442458774554,30.877525627374915,31.11520198296017,0.537281718223933,medium
average_0154_dawn_spring.jpg,average,train,dawn,spring,6.433598938077086,54.22169268894629,36.44350814588126,49.47778501708345,0.5030479963281886,medium
average_0155_sunny_winter.jpg,average,train,sunny,winter,6.072670462986562,43.61790359861864,28.67421016718514,48.814132745539865,0.4457092886070181,medium
average_0156_sunny_winter.jpg,average,train,sunny,winter,6.616902212716709,41.18908815679212,39.23048358805499,30.188143487140962,0.5162436725096318,medium
average_0157_cloudy_monsoon.jpg,average,train,cloudy,monsoon,6.128281041623202,64.9365907240225,28.992506443212918,38.01157385164419,0.5652455738913615,medium
average_0158_dusk_monsoon.jpg,average,train,dusk,monsoon,6.270107580610922,43.55226852624055,36.342744484113,47.8348975565294,0.418357167567543,medium
average_0159_cloudy_monsoon.jpg,average,train,cloudy,monsoon,6.566661892314867,50.6375383389298,36.700942567824725,42.89469836464191,0.5843315266233128,medium
average_0160_sunny_winter.jpg,average,train,sunny,winter,6.960160303541233,45.00071934719453,25.15170416096786,45.31494261981071,0.5191927005645192,medium
average_0161_dawn_spring.jpg,average,train,dawn,spring,6.0700751021826855,51.872541851729736,28.873869414180252,47.33006103290336,0.43709908095523264,medium
average_0162_dusk_monsoon.jpg,average,train,dusk,monsoon,6.301330289205158,58.57783161502744,25.97753695970051,42.45807830313897,0.4293242441249716,medium
average_0163_sunny_monsoon.jpg,average,train,sunny,monsoon,6.6882954992867285,59.69696399835358,36.042294050228435,35.76122144050846,0.5750788593997063,medium
average_0164_cloudy_winter.jpg,average,train,cloudy,winter,6.008904510316318,51.322960633695246,26.175586972225886,48.53003200342365,0.5064718727365921,medium
average_0165_dusk_spring.jpg,average,train,dusk,spring,6.168197126734044,51.47880967798956,39.09029234668907,36.73870892198204,0.5996546950321077,medium
average_0166_dawn_winter.jpg,average,train,dawn,winter,6.413659471954637,60.26422063752044,33.338014984809305,40.969946946744464,0.4852984148473747,medium
average_0167_dawn_monsoon.jpg,average,train,dawn,monsoon,6.377040059451211,54.238302982541256,30.649780634273558,45.966403439959294,0.4927872876909428,medium
average_0168_dawn_summer.jpg,average,train,dawn,summer,6.277103528634246,51.087160172981484,35.29492372186353,44.32374168094894,0.5350191963805058,medium
average_0169_dawn_monsoon.jpg,average,train,dawn,monsoon,6.6586617519408255,44.39003591260123,26.01293639764385,32.70762572466625,0.4996238340875236,medium
average_0170_cloudy_summer.jpg,average,train,cloudy,summer,6.312968957828458,57.28048617413187,31.04050291349025,46.16869507795171,0.5536222054533513,medium
average_0171_dawn_winter.jpg,average,train,dawn,winter,6.822373098470813,49.21977230208963,30.15303396874504,39.84686962228926,0.5093750929034182,medium
average_0172_cloudy_winter.jpg,average,train,cloudy,winter,6.503837154211054,66.34167373514278,37.90705407859208,49.68547321267724,0.4324435450035307,medium
average_0173_sunny_spring.jpg,average,train,sunny,spring,6.828475263325869,59.411736453114585,33.89753330655275,30.827545539648316,0.4922544850805597,medium
average_0174_cloudy_winter.jpg,average,train,cloudy,winter,6.97497028326478,67.77900377733727,37.05550749909294,31.01559506147394,0.5418089176151333,medium
average_0175_cloudy_monsoon.jpg,average,train,cloudy,monsoon,6.656036116898887,40.188492228697854,36.782101014795586,42.91317894919055,0.4308421453390454,medium
average_0176_sunny_summer.jpg,average,train,sunny,summer,6.391042166268605,68.11785759951053,29.69579720644831,36.450638014203776,0.4861051603631398,medium
average_0177_cloudy_winter.jpg,average,train,cloudy,winter,6.111820215238771,57.11036138471482,36.133604136444674,39.08877494856429,0.595220998706522,medium
average_0178_cloudy_monsoon.jpg,average,train,cloudy,monsoon,6.795198762801738,45.67289032895558,25.051184974669333,38.040668609835436,0.5491963860266751,medium
average_0179_dusk_winter.jpg,average,train,dusk,winter,6.149543998462562,56.78066968655354,29.69007925113696,41.66241811956138,0.5687896902680771,medium
average_0180_cloudy_winter.jpg,average,train,cloudy,winter,6.599576830183656,66.36019236686974,26.654717643558918,42.75558644258684,0.4310608819344768,medium
average_0181_dusk_monsoon.jpg,average,train,dusk,monsoon,6.723814645136068,46.11162153369325,35.82424691169511,44.19895806489383,0.44458221287434746,medium
average_0182_sunny_winter.jpg,average,train,sunny,winter,6.273844598663383,55.62478354271249,28.73222485603759,30.46511511476468,0.46693787555766986,medium
average_0183_sunny_summer.jpg,average,train,sunny,summer,6.525567978029573,63.02011096825183,34.35105772919462,38.2159560323674,0.5634082791075623,medium
average_0184_dawn_monsoon.jpg,average,train,dawn,monsoon,6.7342302153136835,55.2056933100252,34.54122007447409,45.10175947927982,0.4170815158307802,medium
average_0185_cloudy_spring.jpg,average,train,cloudy,spring,6.407672301031187,53.14031666114121,34.376586717813055,40.12204485879544,0.5515371465811874,medium
average_0186_sunny_monsoon.jpg,average,train,sunny,monsoon,6.063649337937953,49.88731902509272,25.88450115547215,41.910716551773994,0.5136369265509566,medium
average_0187_dusk_spring.jpg,average,train,dusk,spring,6.026885296641625,65.53854834163005,33.04057504113908,39.692612125508504,0.5994085811641245,medium
average_0188_dawn_monsoon.jpg,average,train,dawn,monsoon,6.978229514527287,46.08163503832518,39.10825617456912,44.744219535382875,0.42655865421552175,medium
average_0189_dawn_winter.jpg,average,train,dawn,winter,6.619505591712173,42.98213040713376,26.731698492132836,49.10707818698023,0.42000096355661093,medium
average_0190_dusk_spring.jpg,average,train,dusk,spring,6.821606918326245,54.57313970408825,30.10666077690343,44.338943201771045,0.41249623861521806,medium
average_0191_dusk_summer.jpg,average,train,dusk,summer,6.854857095591805,68.30087967457567,32.74376082088959,37.19248494259997,0.4966128624043636,medium
average_0192_cloudy_spring.jpg,average,train,cloudy,spring,6.79100177016126,66.94380523294738,33.71389101190147,41.38955426248825,0.5455779164226562,medium
average_0193_dusk_summer.jpg,average,train,dusk,summer,6.467150152241874,65.54753485281498,34.40631522416941,43.05588121946135,0.4452441860828493,medium
average_0194_dusk_winter.jpg,average,train,dusk,winter,6.4932364223599786,49.60932920610769,38.067861227156385,33.547387570532656,0.4516419450491714,medium
average_0195_sunny_winter.jpg,average,train,sunny,winter,6.590994628106876,62.588033996368885,28.167982033250915,42.726329995919414,0.5783163336812339,medium
average_0196_cloudy_spring.jpg,average,train,cloudy,spring,6.998757054176606,52.2129841804671,35.84543716533758,45.34256030951124,0.47916738311676843,medium
average_0197_sunny_spring.jpg,average,train,sunny,spring,6.922454220827327,46.767328068926325,34.14562817814404,44.29295806779333,0.5870154022417793,medium
average_0198_sunny_monsoon.jpg,average,train,sunny,monsoon,6.214728673231602,48.79023303500334,31.845521738151803,32.7429824435686,0.4414576016814208,medium
average_0199_sunny_monsoon.jpg,average,train,sunny,monsoon,6.73445842102763,55.14450347583384,38.29277481244463,39.86957963537104,0.42853799760172806,medium
average_0200_dusk_spring.jpg,average,train,dusk,spring,6.440124105655278,63.61604803527173,36.51431181483393,47.87650759695744,0.4158779470587685,medium
average_0201_dawn_monsoon.jpg,average,train,dawn,monsoon,6.477431730434341,55.88050435172867,31.321829225824988,31.826315704961875,0.5538887888467703,medium
average_0202_dawn_winter.jpg,average,train,dawn,winter,6.634247327205045,55.57923791386118,33.20383256297975,31.774768549703992,0.48414577708769685,medium
average_0203_sunny_spring.jpg,average,train,sunny,spring,6.346452659783354,55.682996800701076,25.717547746451018,36.46453179806744,0.40313924544513263,medium
average_0204_dawn_spring.jpg,average,train,dawn,spring,6.62877087558843,49.92773895557171,33.72489480676738,34.99181336746019,0.48962364313324663,medium
average_0205_dusk_spring.jpg,average,train,dusk,spring,6.717085297578761,44.668523831866736,35.27601214918522,37.67283828753608,0.5582096803151779,medium
average_0206_dusk_summer.jpg,average,train,dusk,summer,6.2559214919293,58.45619218144934,26.22739278780744,44.224463934693446,0.44422357865681805,medium
average_0207_sunny_winter.jpg,average,train,sunny,winter,6.785667180869365,66.28397739299893,26.686779878376075,32.98756511741192,0.46669108682648597,medium
average_0208_cloudy_monsoon.jpg,average,train,cloudy,monsoon,6.365814562394148,53.32249610042297,27.239331471720718,33.779032629986915,0.49860899378201096,medium
average_0209_cloudy_spring.jpg,average,train,cloudy,spring,6.8603973137346745,55.93083710537472,25.9693767625349,45.93627403197344,0.5395235213880217,medium
average_0210_dusk_monsoon.jpg,average,train,dusk,monsoon,6.693196840526891,60.294731837976855,26.4023387679452,44.84044388103828,0.4170886904633637,medium
average_0211_cloudy_spring.jpg,average,train,cloudy,spring,6.3787999053210305,52.77657502832239,37.16480433836511,37.711866940457355,0.42622453946611333,medium
average_0212_dawn_winter.jpg,average,train,dawn,winter,6.10899161820586,40.28962052454187,31.921784741263288,33.816578481913396,0.43523764375247487,medium
average_0213_cloudy_spring.jpg,average,train,cloudy,spring,6.512625348364784,60.89422243441393,34.348436189351915,40.90421695757664,0.4851439858787684,medium
average_0214_cloudy_spring.jpg,average,train,cloudy,spring,6.950832874955196,42.04102225596364,30.5890966855211,42.99474460346261,0.5201255421644332,medium
average_0215_dawn_monsoon.jpg,average,train,dawn,monsoon,6.000276457303763,51.604325113519565,25.771603117707834,46.321003453003776,0.44958231321757997,medium
average_0216_dawn_spring.jpg,average,train,dawn,spring,6.112846471763433,65.22153069154504,34.954140896050845,38.2516512510241,0.42123376734194107,medium
average_0217_cloudy_winter.jpg,average,train,cloudy,winter,6.345178583069529,45.726682003577075,38.180596324056495,47.55654126610265,0.5989931917281421,medium
average_0218_dusk_spring.jpg,average,train,dusk,spring,6.9953775302624335,55.0212645542743,30.51945636414637,43.097393929692586,0.5300642238631139,medium
average_0219_sunny_summer.jpg,average,train,sunny,summer,6.858732956701912,54.743258347493175,37.291361794154376,43.425718139130225,0.5095441134592312,medium
average_0220_dawn_winter.jpg,average,train,dawn,winter,6.467310247468273,47.24656599805216,28.564059110126763,36.83116165022085,0.4856190780178072,medium
average_0221_dawn_summer.jpg,average,train,dawn,summer,6.962160858154588,63.38453001928661,39.883917671650494,36.41215542556939,0.5961033016252253,medium
average_0222_sunny_winter.jpg,average,train,sunny,winter,6.748007301795953,48.369823024008,37.576996483436744,30.67707442189874,0.46159668155570155,medium
average_0223_dawn_summer.jpg,average,train,dawn,summer,6.959456750953216,68.398203044028,28.254969478683748,33.25629531292579,0.45092236549215675,medium
average_0224_sunny_summer.jpg,average,train,sunny,summer,6.011478208551147,46.52495552663149,32.22164304700789,46.54722783927244,0.4680258672483313,medium
average_0225_dawn_summer.jpg,average,train,dawn,summer,6.92299086001422,57.13632416193537,33.592178074685165,31.523376464618234,0.44652759220042415,medium
average_0226_sunny_summer.jpg,average,train,sunny,summer,6.057004799366938,50.87847771054061,30.259735702918974,41.470107870506965,0.5758204354003693,medium
average_0227_dusk_winter.jpg,average,train,dusk,winter,6.544486855727829,50.55802635759488,26.03014245804363,44.0236414500428,0.5178014602644739,medium
average_0228_cloudy_winter.jpg,average,train,cloudy,winter,6.076830218503428,67.02446854376053,32.19601024560125,48.928215287082374,0.5018390009958114,medium
average_0229_cloudy_summer.jpg,average,train,cloudy,summer,6.657638080652279,67.93414380387262,38.609048651024025,40.895251312539315,0.5118498756951823,medium
average_0230_dawn_winter.jpg,average,train,dawn,winter,6.691553837154748,48.39412159886248,37.81122301388412,39.76566614601205,0.40085791613217336,medium
average_0231_dawn_winter.jpg,average,train,dawn,winter,6.066252527943031,59.54520053296228,30.89631025313462,35.09936199231578,0.4810285868486124,medium
average_0232_dusk_winter.jpg,average,train,dusk,winter,6.69879170076319,40.66851447290005,37.22196919507558,44.30763299500164,0.47034430309497727,medium
average_0233_dusk_winter.jpg,average,train,dusk,winter,6.232874642586805,53.77567816601394,28.442750590904936,32.910633273100494,0.5515749504245158,medium
average_0234_cloudy_winter.jpg,average,train,cloudy,winter,6.343192401954738,54.194279892907666,34.31548229626328,40.676821304442306,0.5346185890126868,medium
average_0235_cloudy_summer.jpg,average,train,cloudy,summer,6.791291392869867,53.70967335867084,38.35826494222793,33.27380531492808,0.5269150518356628,medium
average_0236_cloudy_spring.jpg,average,train,cloudy,spring,6.081232795948172,64.2208101053847,33.53547938006548,48.36345284762454,0.41268884110101617,medium
average_0237_dawn_winter.jpg,average,train,dawn,winter,6.535110423556545,52.599047730265916,30.85375533359727,46.59645458208016,0.4898448911654292,medium
average_0238_sunny_winter.jpg,average,train,sunny,winter,6.687695119255652,56.30997408677509,31.345388971542988,45.16723567387482,0.5096270910872769,medium
average_0239_dusk_spring.jpg,average,train,dusk,spring,6.104122256637801,56.36991415664563,30.105834981260543,43.45779187400974,0.4373675660900334,medium
average_0240_dawn_monsoon.jpg,average,train,dawn,monsoon,6.635395225166201,52.770023059765265,31.528515508125,35.936312574924095,0.584906960544514,medium
average_0241_cloudy_monsoon.jpg,average,train,cloudy,monsoon,6.458341920779507,66.84404954353029,25.587681313178997,47.43672239068887,0.4201571199246741,medium
average_0242_cloudy_winter.jpg,average,train,cloudy,winter,6.504453085678376,64.34644727898302,29.279699027723886,45.75389147177583,0.500780134323299,medium
average_0243_cloudy_spring.jpg,average,train,cloudy,spring,6.627313714425146,53.03765418547347,25.488316745025305,37.98520071936916,0.5860638064299112,medium
average_0244_dawn_winter.jpg,average,train,dawn,winter,6.739422416295463,42.19595734164418,33.396392020072646,43.57972580927167,0.40877636279173646,medium
average_0245_cloudy_winter.jpg,average,train,cloudy,winter,6.94001136517252,58.91426754571367,36.95814902565447,42.70820244160277,0.5580344132412342,medium
average_0246_dawn_summer.jpg,average,train,dawn,summer,6.189849649482345,46.469490659610315,34.877041152868806,33.20174467712663,0.5362378400693332,medium
average_0247_sunny_monsoon.jpg,average,train,sunny,monsoon,6.520373385812026,45.035687721156464,25.15168935377976,45.77368556056346,0.5167650774188922,medium
average_0248_dawn_spring.jpg,average,train,dawn,spring,6.985217075248289,62.34930199349756,27.5979430089934,36.27460641107733,0.43369230377979384,medium
average_0249_sunny_monsoon.jpg,average,train,sunny,monsoon,6.722374633967637,52.25430543709525,34.44432412697851,34.34886622704826,0.5406347073750798,medium
average_0250_sunny_spring.jpg,average,train,sunny,spring,6.498706963925436,52.72716032962407,33.65501991418627,39.51248861792795,0.49769594160735847,medium
average_0251_cloudy_summer.jpg,average,train,cloudy,summer,6.543103578532995,69.27468583616906,37.69568246364538,39.98397543654623,0.5508883853000204,medium
average_0252_dawn_summer.jpg,average,train,dawn,summer,6.032436801837839,50.301406408068274,27.816958387604313,39.033945131496694,0.42974538842667376,medium
average_0253_sunny_spring.jpg,average,train,sunny,spring,6.2022529976594765,60.80982504042929,38.89003591216721,38.19380994099964,0.43131025588340066,medium
average_0254_dawn_winter.jpg,average,train,dawn,winter,6.05456432001617,47.49271366626198,34.41394094795906,30.967915503042544,0.5733517399724042,medium
average_0255_sunny_summer.jpg,average,val,sunny,summer,6.279687270308402,69.8666591298376,38.3337932407665,31.539748283619183,0.5453228701406545,medium
average_0256_cloudy_spring.jpg,average,val,cloudy,spring,6.567588301160455,42.82624907246352,28.798230758053435,40.863734996958044,0.5360933516601423,medium
average_0257_dawn_summer.jpg,average,val,dawn,summer,6.161519237461244,45.805679370612424,35.37305548242077,36.84588219609326,0.5097658171646334,medium
average_0258_dawn_summer.jpg,average,val,dawn,summer,6.228567020868263,54.36308303025476,27.423290587206356,34.53117587515704,0.4247069487880696,medium
average_0259_cloudy_winter.jpg,average,val,cloudy,winter,6.7677441735225115,69.70134437726728,29.317437504573533,34.56338975484169,0.48714441802952635,medium
average_0260_dawn_spring.jpg,average,val,dawn,spring,6.705154813738224,52.32429456411824,33.03818375934091,38.65397821688806,0.5770141806926963,medium
average_0261_dusk_winter.jpg,average,val,dusk,winter,6.11508034370423,65.36443480997026,35.82903010652775,38.78894574781465,0.5151937152349599,medium
average_0262_cloudy_summer.jpg,average,val,cloudy,summer,6.9609690690489865,46.604065526279875,25.17695862999538,46.06846416415074,0.5075527758916901,medium
average_0263_cloudy_winter.jpg,average,val,cloudy,winter,6.642513350901368,45.97888643720364,37.62491122870899,43.82026597933677,0.4006127336250442,medium
average_0264_cloudy_winter.jpg,average,val,cloudy,winter,6.670657704233443,46.89899871873827,27.83510498014231,48.08395966611495,0.4159564038214372,medium
average_0265_dawn_winter.jpg,average,val,dawn,winter,6.519530058683435,50.162081354158474,27.541903689683206,36.28763510400365,0.5780168813283277,medium
average_0266_dusk_spring.jpg,average,val,dusk,spring,6.055569431034774,48.755891844206296,27.57333054409642,37.52803734078866,0.525948355080635,medium
average_0267_dusk_summer.jpg,average,val,dusk,summer,6.850418043454713,47.972695998726024,34.00509754177312,39.01441491500167,0.4516937793033023,medium
average_0268_sunny_winter.jpg,average,val,sunny,winter,6.758396423123509,57.09033661913379,39.12778851928876,43.67901381260125,0.5974385662489804,medium
average_0269_sunny_summer.jpg,average,val,sunny,summer,6.002815791652194,52.977767548209165,32.00003257631988,42.016278086119115,0.42170864465604274,medium
average_0270_sunny_winter.jpg,average,val,sunny,winter,6.09556013448839,59.912963373696805,31.80132009123998,31.52595587033142,0.4692958318046776,medium
average_0271_sunny_summer.jpg,average,val,sunny,summer,6.609984575768444,47.881173044735945,28.218014089517087,45.57567506917703,0.5472452795101174,medium
average_0272_sunny_winter.jpg,average,val,sunny,winter,6.53971536616465,55.55584611724463,31.47632339428211,38.8249945418821,0.5661132406365685,medium
average_0273_cloudy_summer.jpg,average,val,cloudy,summer,6.038512819620032,65.31037674650749,28.76482249362878,32.472044541047744,0.5764388061053171,medium
average_0274_sunny_winter.jpg,average,val,sunny,winter,6.419388955999802,55.48793580950274,38.94541948521573,36.7512869658469,0.4142993924559969,medium
average_0275_dawn_summer.jpg,average,val,dawn,summer,6.114678308747767,50.53586906144358,36.684115597403846,43.403228994932235,0.5013093865407731,medium
average_0276_dusk_winter.jpg,average,val,dusk,winter,6.0949868715074516,52.472423183753385,34.990984657424065,33.612738281761814,0.47072748261665,medium
average_0277_sunny_winter.jpg,average,val,sunny,winter,6.346862752732954,62.951510254465404,39.62509474369422,49.08204546661135,0.5355347717197378,medium
average_0278_cloudy_winter.jpg,average,val,cloudy,winter,6.321861422411487,44.4845393586907,31.2025200552855,39.7995050607707,0.4783638784108678,medium
average_0279_dusk_spring.jpg,average,val,dusk,spring,6.998916325355651,62.627699031693744,29.115894509448857,40.45922586927191,0.5050564909852836,medium
average_0280_dusk_summer.jpg,average,val,dusk,summer,6.077750643259371,66.84909668843261,25.261959084559553,43.82031643396424,0.4042358753139026,medium
average_0281_cloudy_summer.jpg,average,val,cloudy,summer,6.236671851044683,67.61614847745568,34.68179075336462,35.457154235871656,0.5812023111052332,medium
average_0282_sunny_winter.jpg,average,val,sunny,winter,6.546531331698146,52.12570207927002,29.89724124145333,37.42778165820741,0.5491848789911173,medium
average_0283_dusk_summer.jpg,average,val,dusk,summer,6.678541448969053,53.18223166393344,30.26247508994957,41.22753975854667,0.5376966143679082,medium
average_0284_dusk_summer.jpg,average,val,dusk,summer,6.343954522970134,53.6705791434647,37.0353971126615,45.039013208346645,0.5152815016844228,medium
average_0285_cloudy_summer.jpg,average,test,cloudy,summer,6.458700277435284,49.02086517761794,33.20475807684941,43.887399912622,0.41649139104691946,medium
average_0286_sunny_summer.jpg,average,test,sunny,summer,6.602727768086617,58.54342941918936,28.43348794634786,43.19510333029952,0.4875341147711734,medium
average_0287_dawn_summer.jpg,average,test,dawn,summer,6.763181975940694,50.53200559943955,26.240746144434116,36.965257516877195,0.5624979888384347,medium
average_0288_cloudy_spring.jpg,average,test,cloudy,spring,6.3794117504464,52.101575709477856,29.352534952063944,40.22877370135508,0.4220439399414426,medium
average_0289_cloudy_spring.jpg,average,test,cloudy,spring,6.011915478987337,44.05454402970144,28.72851991258974,38.81406402119745,0.4223972894621736,medium
average_0290_cloudy_winter.jpg,average,test,cloudy,winter,6.077381713520872,67.28567706493631,33.706475350148224,34.86922077945073,0.5389544607172726,medium
average_0291_dawn_summer.jpg,average,test,dawn,summer,6.402315912873134,69.78010959621933,31.823704531650144,30.546660737742695,0.4854750074444059,medium
average_0292_dusk_monsoon.jpg,average,test,dusk,monsoon,6.258327599382672,59.539443033660554,37.98054630507767,35.20633498903526,0.5266462036997677,medium
average_0293_sunny_monsoon.jpg,average,test,sunny,monsoon,6.107138077036101,40.035098818119245,33.76663190973575,40.233433490526,0.4868239399978264,medium
average_0294_sunny_summer.jpg,average,test,sunny,summer,6.330378872621708,56.496909190344,36.18358766810796,32.379431652621506,0.463701293550106,medium
average_0295_sunny_summer.jpg,average,test,sunny,summer,6.153168529343757,57.02918343287607,38.0172823700548,30.859261783730943,0.40276785353681094,medium
average_0296_cloudy_winter.jpg,average,test,cloudy,winter,6.894925701679832,41.95138090335479,28.241398007668792,45.61225354325901,0.5135313440468119,medium
average_0297_dusk_spring.jpg,average,test,dusk,spring,6.8080528521225485,43.290368181607924,39.62014308576228,39.90376836981535,0.4120881286608715,medium
average_0298_dusk_summer.jpg,average,test,dusk,summer,6.003466414156191,67.3414211488928,31.670449703480955,32.173026685933415,0.40919186048709427,medium
average_0299_sunny_summer.jpg,average,test,sunny,summer,6.043596167890385,51.509531052660876,34.42885320259171,31.6781676667608,0.5847509258996937,medium
good_0300_cloudy_winter.jpg,good,train,cloudy,winter,7.248185145814315,79.46401472799937,41.077825953741545,54.8342558478173,0.7565989505551507,smooth
good_0301_sunny_monsoon.jpg,good,train,sunny,monsoon,7.110360352839332,84.36234315873402,47.25159231084019,70.20361639708086,0.7927488554316149,smooth
good_0302_dawn_winter.jpg,good,train,dawn,winter,6.870566834482936,81.78757994067419,52.645157757851344,64.30030203509186,0.7377892029657152,smooth
good_0303_dawn_winter.jpg,good,train,dawn,winter,6.794388448505809,91.7097319020618,43.18864444105694,54.43658212764061,0.695862014243499,smooth
good_0304_cloudy_winter.jpg,good,train,cloudy,winter,7.15283277790988,84.36663354385689,52.848686836238926,73.27995368650099,0.6745018927125914,smooth
good_0305_sunny_winter.jpg,good,train,sunny,winter,7.011260198998262,88.2643810765127,43.5582344381535,69.17238152267507,0.768779289614181,smooth
good_0306_dusk_winter.jpg,good,train,dusk,winter,6.720029763415705,88.97654389405865,49.127481754303886,57.01782500348631,0.6138791887257798,smooth
good_0307_dawn_winter.jpg,good,train,dawn,winter,6.944205279547999,74.2358685434009,49.63479480592116,68.229760391302,0.6610906885212365,smooth
good_0308_sunny_winter.jpg,good,train,sunny,winter,7.042560267873868,97.57188415725084,41.880588599226805,54.70335291011654,0.6392616145081818,smooth
good_0309_dusk_monsoon.jpg,good,train,dusk,monsoon,7.143332847376413,99.24825409968184,41.92094543954382,61.37550601927362,0.7325847220941824,smooth
good_0310_dusk_winter.jpg,good,train,dusk,winter,7.275142797766486,79.10672099711837,43.05838040106997,65.90044379202591,0.6351601930808958,smooth
good_0311_sunny_monsoon.jpg,good,train,sunny,monsoon,7.232731673563377,80.68819192472193,49.933479695775304,56.56054215856895,0.6418166984676449,smooth
good_0312_cloudy_monsoon.jpg,good,train,cloudy,monsoon,7.301489083368041,90.8353925867201,55.155842039861646,71.06520225307686,0.6773680860787249,smooth
good_0313_dusk_summer.jpg,good,train,dusk,summer,6.81115537412603,75.2404201747887,43.733999566419335,61.35951124303975,0.651587112121205,smooth
good_0314_cloudy_summer.jpg,good,train,cloudy,summer,6.605974074063333,86.87858177909075,59.641783282333854,68.68170224505661,0.6051939962217785,smooth
good_0315_dawn_spring.jpg,good,train,dawn,spring,7.052051862582039,70.07979869323023,43.050955203649735,78.91441356160172,0.7341462932830742,smooth
good_0316_sunny_monsoon.jpg,good,train,sunny,monsoon,6.500292914989202,85.65985305120225,41.595286051165765,59.862138006002965,0.6071733965557039,smooth
good_0317_dawn_winter.jpg,good,train,dawn,winter,6.7648231146094195,80.52713418131037,46.763311550865986,61.196862771090174,0.6238984818067642,smooth
good_0318_sunny_spring.jpg,good,train,sunny,spring,7.36654033339466,96.17243407005303,40.11111641563565,77.35027318905571,0.7582275210550675,smooth
good_0319_sunny_winter.jpg,good,train,sunny,winter,7.41492554676267,99.55863016840098,55.01377072133121,76.09150764148254,0.7439331456609874,smooth
good_0320_cloudy_summer.jpg,good,train,cloudy,summer,6.635640179907006,91.02371213620812,59.41295099064695,64.76479170513063,0.791678069029248,smooth
good_0321_cloudy_winter.jpg,good,train,cloudy,winter,6.834562109359796,92.42977038638423,54.167148606273535,64.46666565751786,0.6370001883877363,smooth
good_0322_cloudy_summer.jpg,good,train,cloudy,summer,7.273211464941728,72.02415620608797,44.07278818991891,79.93573775060817,0.6962314852448932,smooth
good_0323_sunny_spring.jpg,good,train,sunny,spring,6.542770708046405,97.01822213876702,50.508936951295695,59.60270831971006,0.6610663345802847,smooth
good_0324_dusk_spring.jpg,good,train,dusk,spring,7.311275221342102,81.29513112758056,56.16590703698836,54.12587313079567,0.7643386534235532,smooth
good_0325_cloudy_monsoon.jpg,good,train,cloudy,monsoon,6.831310570278711,94.25748703356132,57.90225711717267,67.37081131912946,0.7128200152300572,smooth
good_0326_cloudy_spring.jpg,good,train,cloudy,spring,7.214925505001618,72.07814441950164,57.33870101891723,72.83535293715727,0.6285855400140741,smooth
good_0327_dawn_summer.jpg,good,train,dawn,summer,6.679716961363853,91.01540326097043,45.85040251998399,55.648295382122,0.6351629731362138,smooth
good_0328_dawn_spring.jpg,good,train,dawn,spring,7.11791040454897,82.0909982773171,42.97707573725797,79.66348608349347,0.6376578018415691,smooth
good_0329_sunny_spring.jpg,good,train,sunny,spring,6.638964922611251,80.02103423487505,49.73484067239549,55.362825413131446,0.7137978017561026,smooth
good_0330_cloudy_winter.jpg,good,train,cloudy,winter,6.548360042739365,76.69198556595452,51.31165513128364,57.96402591704914,0.6678972946189863,smooth
good_0331_dusk_winter.jpg,good,train,dusk,winter,6.88355036187428,84.56876833625772,52.21423103309873,71.42215956885468,0.7514880611305548,smooth
good_0332_dawn_monsoon.jpg,good,train,dawn,monsoon,7.344142626044909,98.54321814123213,52.11108935369021,69.8349744597859,0.6284471894464156,smooth
good_0333_sunny_winter.jpg,good,train,sunny,winter,7.054706761309583,76.21477067397907,49.124709922305,60.005122783329625,0.7522986972506818,smooth
good_0334_dusk_winter.jpg,good,train,dusk,winter,6.960600152492923,84.52140340450846,43.90255308530368,61.92272091625647,0.6836410288913137,smooth
good_0335_sunny_monsoon.jpg,good,train,sunny,monsoon,7.268615710113776,76.63937551370867,40.79511923866993,76.7240747447884,0.6766825551039825,smooth
good_0336_cloudy_winter.jpg,good,train,cloudy,winter,7.459755198254232,77.70615034327437,50.7619583694537,77.93767784784582,0.6771789395845073,smooth
good_0337_dusk_summer.jpg,good,train,dusk,summer,7.189762720208659,85.28362906397868,42.48769447318621,59.67396052078806,0.6111431534402281,smooth
good_0338_cloudy_spring.jpg,good,train,cloudy,spring,6.893366895158455,87.16866575745148,45.93037527296309,69.93053393861494,0.6881807306832718,smooth
good_0339_cloudy_winter.jpg,good,train,cloudy,winter,7.0364820944677655,81.90952855698768,55.79209616010811,56.329099254056615,0.7144974790079139,smooth
good_0340_sunny_summer.jpg,good,train,sunny,summer,6.907008829699228,81.80861359817503,55.26509787723033,70.47736618218757,0.6096056182566488,smooth
good_0341_dawn_monsoon.jpg,good,train,dawn,monsoon,6.92799405774902,98.8832823278919,41.06501977617822,57.38168288763173,0.6744487194045747,smooth
good_0342_dawn_summer.jpg,good,train,dawn,summer,7.305354501218118,99.58953723697229,40.765169508875765,77.2642690922821,0.6153669141104287,smooth
good_0343_dusk_winter.jpg,good,train,dusk,winter,6.619515751506984,94.77824868324038,41.80020256672277,62.988598460337485,0.7632145379387026,smooth
good_0344_dawn_summer.jpg,good,train,dawn,summer,7.166896956132892,99.91822133498566,54.02971769033405,72.16766399669291,0.7054801067079836,smooth
good_0345_cloudy_winter.jpg,good,train,cloudy,winter,7.498636402890159,94.1783272630741,40.13194912578739,79.80886097942236,0.6880320439914434,smooth
good_0346_dawn_spring.jpg,good,train,dawn,spring,7.223596670956423,81.82230457689299,46.87707965100343,55.052657101568414,0.6915474814314051,smooth
good_0347_dawn_monsoon.jpg,good,train,dawn,monsoon,7.42216689832568,82.67791195545475,43.846889425524544,64.17256190793746,0.7110430063124428,smooth
good_0348_cloudy_summer.jpg,good,train,cloudy,summer,7.109025218132668,71.29986124680673,51.67976715938731,61.72276999323143,0.730869746857757,smooth
good_0349_cloudy_spring.jpg,good,train,cloudy,spring,7.137553423376356,85.61320580977035,47.77258806736426,52.701648665501125,0.7201228832330938,smooth
good_0350_dawn_monsoon.jpg,good,train,dawn,monsoon,7.212023235970748,90.20927889710778,48.01528222625756,67.42178311105113,0.7025174965179283,smooth
good_0351_cloudy_winter.jpg,good,train,cloudy,winter,7.483549826283249,86.49886331202862,49.89499026443721,64.97219852225611,0.6254030815815614,smooth
good_0352_dusk_monsoon.jpg,good,train,dusk,monsoon,7.264021672727366,75.56211008217473,54.87344254903238,57.78421462864715,0.7184998858885684,smooth
good_0353_sunny_summer.jpg,good,train,sunny,summer,7.291454207424379,89.95174620253447,44.09761444394448,72.38585789544243,0.6104668838646802,smooth
good_0354_sunny_winter.jpg,good,train,sunny,winter,6.77230162731588,92.15327742326008,45.857918428670224,56.9167422087053,0.639418754941853,smooth
good_0355_dawn_winter.jpg,good,train,dawn,winter,7.202726819458655,90.95100998471929,50.25770799274305,76.44050890309785,0.7803655793507739,smooth
good_0356_dusk_summer.jpg,good,train,dusk,summer,6.967101191226764,79.31090386740709,47.5521714928551,76.21868244815198,0.6183779228409672,smooth
good_0357_cloudy_winter.jpg,good,train,cloudy,winter,6.85678163048353,88.66242367170608,44.50787458576905,58.65958478196884,0.6141756192424412,smooth
good_0358_dusk_summer.jpg,good,train,dusk,summer,7.168160703020484,80.14130522302835,44.35619702139151,58.74328223033743,0.6636472206982651,smooth
good_0359_dawn_monsoon.jpg,good,train,dawn,monsoon,6.646544906914109,92.80077406134325,51.66258644656232,70.99808454040871,0.7850957896979263,smooth
good_0360_dusk_spring.jpg,good,train,dusk,spring,7.06145165048571,87.12054318115551,54.28502590552662,71.00900789230086,0.7587282252280672,smooth
good_0361_cloudy_spring.jpg,good,train,cloudy,spring,6.692573691840747,81.53265850635691,56.185043004338915,60.32624653647893,0.6538684053646562,smooth
good_0362_dusk_winter.jpg,good,train,dusk,winter,7.056204539388614,77.10507781173678,42.554970013353035,59.45965514528464,0.736476211507315,smooth
good_0363_dusk_monsoon.jpg,good,train,dusk,monsoon,7.443532425384518,90.01009858260332,53.84039656081637,72.2476375427142,0.6597799999210147,smooth
good_0364_dawn_spring.jpg,good,train,dawn,spring,7.410581727162066,96.34119593620224,58.6169277614285,65.15681150985947,0.6222623131179619,smooth
good_0365_sunny_monsoon.jpg,good,train,sunny,monsoon,6.854024707369758,95.08610326541633,40.288852778992215,55.685526986041566,0.6880034429731677,smooth
good_0366_cloudy_monsoon.jpg,good,train,cloudy,monsoon,7.252959103319832,98.34217837413709,50.50397766761897,73.31426534766705,0.7300903755886476,smooth
good_0367_dawn_spring.jpg,good,train,dawn,spring,7.409899080450232,82.58513037790468,50.93546901074867,66.8088502016975,0.6874440039495746,smooth
good_0368_dawn_monsoon.jpg,good,train,dawn,monsoon,6.7987953880181236,75.88367445906061,58.10498134462532,63.59449449495871,0.6483405779021036,smooth
good_0369_dusk_winter.jpg,good,train,dusk,winter,6.664530392514106,79.16772551980483,47.44985465993997,78.75475190488262,0.628726061763335,smooth
good_0370_cloudy_monsoon.jpg,good,train,cloudy,monsoon,6.652122353547563,94.65891369793232,49.75955803291752,59.17611233494749,0.689339190169606,smooth
good_0371_sunny_summer.jpg,good,train,sunny,summer,7.409071738417575,87.11922935182984,51.10903747392777,65.77275056120759,0.737155879700804,smooth
good_0372_dusk_winter.jpg,good,train,dusk,winter,6.84875217087042,77.73888997721879,56.38672836294806,66.738043292288,0.70484912564296,smooth
good_0373_dawn_monsoon.jpg,good,train,dawn,monsoon,6.589201895413014,96.98220897982438,47.537081411322404,63.239171216380385,0.7433546298425304,smooth
good_0374_dawn_summer.jpg,good,train,dawn,summer,6.967199734007683,89.96339989805541,57.57030546465106,77.0557704564877,0.6871744047766273,smooth
good_0375_dusk_spring.jpg,good,train,dusk,spring,6.569489734310883,98.85827411095542,48.026289745203776,51.89118344838687,0.781033615388686,smooth
good_0376_cloudy_winter.jpg,good,train,cloudy,winter,7.24985872411552,79.39540142349657,41.965342557656484,53.417303769957634,0.7552695788569033,smooth
good_0377_sunny_winter.jpg,good,train,sunny,winter,7.043023265155832,89.09445018793656,53.5032700042382,75.47249767736217,0.7684221747883473,smooth
good_0378_dusk_winter.jpg,good,train,dusk,winter,7.045610526530311,95.09227898689397,58.76378740879348,50.42800055796332,0.634997565293001,smooth
good_0379_dusk_winter.jpg,good,train,dusk,winter,6.795103246926248,95.89433884569121,50.6961571056045,57.75644376978281,0.7978267309204949,smooth
good_0380_dawn_spring.jpg,good,train,dawn,spring,6.929559826038272,71.94293321254544,44.86858285683434,78.56469812143688,0.744052981039477,smooth
good_0381_dawn_summer.jpg,good,train,dawn,summer,6.993141636811872,94.62543510630391,57.092523119504044,65.29083083967929,0.620818714848556,smooth
good_0382_cloudy_monsoon.jpg,good,train,cloudy,monsoon,6.9740211002740935,94.59791937716507,56.33271428112185,54.02646690369429,0.724877513880557,smooth
good_0383_dusk_spring.jpg,good,train,dusk,spring,7.103793313688404,80.58530853122866,55.942301397836424,72.04247519259621,0.7319668484880936,smooth
good_0384_cloudy_winter.jpg,good,train,cloudy,winter,7.342599458191396,75.62802530715375,59.955224411821845,68.3667382728907,0.6649969652412404,smooth
good_0385_cloudy_summer.jpg,good,train,cloudy,summer,7.100122311287171,80.99626944833653,40.4744416482846,77.08722190487018,0.7771586061891189,smooth
good_0386_dusk_monsoon.jpg,good,train,dusk,monsoon,7.379452497392946,84.18677444297694,49.376399963630384,56.91717089370791,0.6768731015562502,smooth
good_0387_cloudy_monsoon.jpg,good,train,cloudy,monsoon,7.0286240187835265,85.56397480839442,43.12941029873422,70.68101789985434,0.6992732479097205,smooth
good_0388_dawn_summer.jpg,good,train,dawn,summer,7.207633604379691,74.53497981833866,51.403580021439666,58.93446504724834,0.7152644637362392,smooth
good_0389_dusk_spring.jpg,good,train,dusk,spring,6.558998906057043,85.91963243481916,56.149376632866094,65.92146396659692,0.6664980417812667,smooth
good_0390_dawn_winter.jpg,good,train,dawn,winter,6.643478726141272,86.09619420145853,54.197931532035724,68.30690467668096,0.7824476492804496,smooth
good_0391_cloudy_monsoon.jpg,good,train,cloudy,monsoon,6.692826411759547,90.6458841523851,43.57184002590677,60.09959443367987,0.7231403407516171,smooth
good_0392_cloudy_monsoon.jpg,good,train,cloudy,monsoon,7.258327031719646,70.90170920916603,48.79052001761131,65.1007538562863,0.6567660436234412,smooth
good_0393_cloudy_winter.jpg,good,train,cloudy,winter,7.38302555631558,93.49601159037661,50.8451511706013,54.83171031419397,0.6598085024318614,smooth
good_0394_dawn_spring.jpg,good,train,dawn,spring,6.925131425516685,86.758378141091,54.65329849806595,50.72843062511494,0.6313878419305786,smooth
good_0395_cloudy_winter.jpg,good,train,cloudy,winter,6.835454855039755,83.59322393732157,43.62392851077077,58.4316239046787,0.6448583666434863,smooth
good_0396_sunny_monsoon.jpg,good,train,sunny,monsoon,7.157449924933248,91.56580828411496,51.836884494261,69.74984459578107,0.7125583066659403,smooth
good_0397_cloudy_winter.jpg,good,train,cloudy,winter,7.332384142744485,94.37057621058318,58.10917159068633,60.54900986434028,0.6677748140776602,smooth
good_0398_cloudy_summer.jpg,good,train,cloudy,summer,6.9255368139009,84.838054507954,56.36247055381652,54.87441034129208,0.605791408918854,smooth
good_0399_dawn_winter.jpg,good,train,dawn,winter,7.029365981697129,82.79670092527394,58.96432681589266,73.16698443631013,0.7470916604169843,smooth
good_0400_cloudy_monsoon.jpg,good,train,cloudy,monsoon,6.801225040779989,70.48639738096016,50.69330171474144,55.72675547771175,0.7608832492571087,smooth
good_0401_cloudy_winter.jpg,good,train,cloudy,winter,6.82932471531894,90.88672374703654,50.69182193202041,68.01801870601872,0.6237247185415882,smooth
good_0402_sunny_summer.jpg,good,train,sunny,summer,7.2888037034147475,96.79863848222836,40.44214086535182,78.1904037267241,0.7243838582272903,smooth
good_0403_cloudy_summer.jpg,good,train,cloudy,summer,7.126268643341076,77.62643878554445,43.04347254504824,68.16915299931716,0.7336899300502495,smooth
good_0404_dawn_summer.jpg,good,train,dawn,summer,7.356071510929261,76.20954457762855,46.59525131183086,63.71382410572648,0.7169093345471291,smooth
good_0405_sunny_spring.jpg,good,val,sunny,spring,6.540957599051236,96.36501130936774,58.31197005987191,69.6336669343953,0.6235562182868912,smooth
good_0406_dusk_winter.jpg,good,val,dusk,winter,6.967037587645136,93.05632310491262,55.69389564206331,70.82182738085882,0.6522280928211703,smooth
good_0407_dusk_spring.jpg,good,val,dusk,spring,6.982679010451421,70.66625507812266,46.230003368042354,78.11370981867668,0.7172996013936724,smooth
good_0408_dusk_summer.jpg,good,val,dusk,summer,6.532181650019956,85.57481705688514,55.64153411160607,75.8040884356068,0.790599535641495,smooth
good_0409_cloudy_winter.jpg,good,val,cloudy,winter,7.313521288466122,88.99171049781748,58.505838884235686,66.33669926830952,0.6284103221156214,smooth
good_0410_sunny_winter.jpg,good,val,sunny,winter,7.485434057323259,83.24314267787649,42.96448093035634,63.4070301924353,0.7658391154579194,smooth
good_0411_dusk_summer.jpg,good,val,dusk,summer,7.468639618215557,89.76724788062765,48.131009081673135,57.41592499502685,0.7684501569749038,smooth
good_0412_dusk_monsoon.jpg,good,val,dusk,monsoon,6.51065277084315,72.52372056797898,46.73626717447398,76.15641786234542,0.7623092050055057,smooth
good_0413_cloudy_summer.jpg,good,val,cloudy,summer,7.1467006925606125,99.64539265804905,47.93283274967936,51.72338599590522,0.691892216256285,smooth
good_0414_dawn_summer.jpg,good,val,dawn,summer,7.422417390886917,85.8401860312527,43.71858143722513,71.97323255005607,0.6184692993391506,smooth
good_0415_cloudy_winter.jpg,good,val,cloudy,winter,6.5727236557372875,84.80624707819385,43.90646674507401,61.42934224504489,0.751759841329398,smooth
good_0416_sunny_monsoon.jpg,good,val,sunny,monsoon,6.969833766104662,72.27413446661079,41.40814592789238,74.33557523677139,0.6470632119653659,smooth
good_0417_dawn_winter.jpg,good,val,dawn,winter,7.021847511182624,85.17369399127232,48.625580844999234,65.74908136117992,0.7228915024441708,smooth
good_0418_dusk_winter.jpg,good,val,dusk,winter,6.826180689583248,70.57833281531983,57.319051781864445,60.2959938604876,0.7691470256540599,smooth
good_0419_dusk_spring.jpg,good,val,dusk,spring,7.059476403399478,80.57016101057681,59.81772307308492,57.43771872127286,0.6994594965355703,smooth
good_0420_sunny_monsoon.jpg,good,val,sunny,monsoon,7.1486484001394075,80.78306009900302,52.56833859436446,62.27225708306259,0.6597923349002851,smooth
good_0421_sunny_monsoon.jpg,good,val,sunny,monsoon,7.0066496903553155,82.78884349887906,47.9548693455714,71.88762669893023,0.637357020417789,smooth
good_0422_dawn_winter.jpg,good,val,dawn,winter,6.656478195906588,88.67272725564624,53.79243845684499,68.70508682929747,0.7564142040047911,smooth
good_0423_sunny_spring.jpg,good,val,sunny,spring,6.507856050994206,81.09722893839367,50.60833649866166,61.86824105206835,0.619498298521004,smooth
good_0424_dusk_spring.jpg,good,val,dusk,spring,7.128543873985766,91.49569570952612,43.48303703931996,71.70009538773971,0.6116032331825749,smooth
good_0425_dawn_winter.jpg,good,val,dawn,winter,6.910598444121791,97.5174399293858,42.147872542448674,54.123412647487356,0.7919873070370774,smooth
good_0426_dusk_spring.jpg,good,val,dusk,spring,6.783767840053854,92.80960234303119,51.63537215457392,79.55133352792697,0.673363475242883,smooth
good_0427_dusk_summer.jpg,good,val,dusk,summer,6.799370574642299,91.06166322829168,59.9165112119534,57.28036568735649,0.777220236856555,smooth
good_0428_sunny_monsoon.jpg,good,val,sunny,monsoon,6.988185076990691,92.79572433550167,47.45654786830379,57.92390331246546,0.755934521023876,smooth
good_0429_dusk_spring.jpg,good,val,dusk,spring,6.529348476836636,97.31610241782032,50.86492974112403,71.92220756391802,0.6386763313986574,smooth
good_0430_cloudy_spring.jpg,good,val,cloudy,spring,7.375840230068958,74.41077810587694,56.525144449388364,54.19838776876389,0.6258743078134114,smooth
good_0431_dawn_winter.jpg,good,val,dawn,winter,7.413672344627879,91.58453251372116,51.80988062762627,52.90199069305767,0.6025341620308702,smooth
good_0432_sunny_summer.jpg,good,val,sunny,summer,6.778437447463743,89.12022168891778,59.98799441031437,75.58782308968793,0.6679801417009009,smooth
good_0433_cloudy_monsoon.jpg,good,val,cloudy,monsoon,7.367826880872826,77.91401217712144,44.24066393325269,55.18138337732835,0.6624275930321939,smooth
good_0434_cloudy_summer.jpg,good,val,cloudy,summer,6.604635426025911,95.97346637825217,45.93844222289296,53.864779250264256,0.7534252337595488,smooth
good_0435_dawn_spring.jpg,good,test,dawn,spring,7.3048181745377985,93.96539304970389,51.68511845458128,72.61983904847516,0.7151479574888385,smooth
good_0436_dawn_winter.jpg,good,test,dawn,winter,6.932457426724139,99.69851799633429,41.795731837152836,50.70849882469134,0.6755205119694293,smooth
good_0437_sunny_winter.jpg,good,test,sunny,winter,7.425454192512686,88.77598420911471,40.642149236639,72.30308231202547,0.763512660862238,smooth
good_0438_cloudy_winter.jpg,good,test,cloudy,winter,7.1693702967650506,81.967045998852,44.63279013497115,77.61155739208503,0.7170447210183148,smooth
good_0439_cloudy_monsoon.jpg,good,test,cloudy,monsoon,7.437631244100038,73.55849911429566,57.69287839820007,71.93859397731457,0.6944281448801191,smooth
good_0440_cloudy_monsoon.jpg,good,test,cloudy,monsoon,7.2848278562930355,76.20968316124728,56.858248954097725,71.91324367749607,0.7642931657755352,smooth
good_0441_sunny_monsoon.jpg,good,test,sunny,monsoon,7.153296960145853,92.16797105621725,52.803041477079944,78.11303939244539,0.690632465858079,smooth
good_0442_cloudy_summer.jpg,good,test,cloudy,summer,7.44154604749895,72.29122205979728,43.241177893366,70.81999113804952,0.7289612130315666,smooth
good_0443_dusk_summer.jpg,good,test,dusk,summer,7.185720365305244,80.81826533187044,56.40017316591504,73.4096073122521,0.7525596393139824,smooth
good_0444_dusk_winter.jpg,good,test,dusk,winter,6.9732351076626635,73.33728220996066,52.724432722076195,66.56763334535,0.6759369008071237,smooth
good_0445_sunny_winter.jpg,good,test,sunny,winter,6.8273292759840825,89.74772199127227,52.747646550118134,51.51792520635309,0.6679648002917917,smooth
good_0446_dawn_winter.jpg,good,test,dawn,winter,7.065884558202273,79.80548659401092,50.59333312104161,77.14862038335511,0.6567036645915248,smooth
good_0447_dawn_spring.jpg,good,test,dawn,spring,7.42495263522431,89.5724028829715,57.24016033115972,79.07129024849965,0.6664147512391305,smooth
good_0448_sunny_summer.jpg,good,test,sunny,summer,7.062329898466404,82.9208628792247,43.09831928450718,65.47999089511491,0.7987588913597856,smooth
good_0449_dusk_winter.jpg,good,test,dusk,winter,7.261876279104741,73.85346824087841,43.587712494908594,73.90785331318946,0.6230694880871048,smooth
